ANIO,MES,REG,NM_RECURSO,PRECIO_PONDERADO,Q_MUESTRA_PLANTAS,Q_MERCADO_TOTAL,N_PLANTAS
2012,4,5,ANCHOVETA,50000,734,763.0609999999998,1
2012,5,5,ANCHOVETA,50000,569,588.5899999999999,1
2012,6,5,ANCHOVETA,50000,197,191.14,1
2012,10,5,ANCHOVETA,60000,338,364.13000000000005,1
2012,11,5,ANCHOVETA,60000,461,463.08,1
2013,3,5,ANCHOVETA,79792,2435.756,2471.5109999999995,1
2013,4,5,ANCHOVETA,79785,1713.8729999999998,1709.563,1
2013,5,5,ANCHOVETA,79795,310.10699999999997,321.37199999999996,1
2014,3,5,ANCHOVETA,85559,1231.815,1410.308,1
2014,4,5,ANCHOVETA,85559,1165.021,1046.0130000000004,1
2014,5,5,ANCHOVETA,85559,932.669,931.9479999999998,1
2014,6,5,ANCHOVETA,85559,30.109,30.109,1
2014,11,5,ANCHOVETA,75000,11.295,11.295,1
2015,7,5,ANCHOVETA,100000,163.573,163.573,1
2015,11,5,ANCHOVETA,100000,63.347,81.73799999999999,1
2015,12,5,ANCHOVETA,100000,426.98,429.52299999999997,1
2016,3,5,ANCHOVETA,100000,8,7.645,1
2016,4,5,ANCHOVETA,100000,82,146.578,1
2016,5,5,ANCHOVETA,100000,939,902.002,1
2016,6,5,ANCHOVETA,100000,291,263.46700000000004,1
2016,7,5,ANCHOVETA,100000,319,319.473,1
2017,3,5,ANCHOVETA,94180,69,68.844,1
2017,4,5,ANCHOVETA,90000,522,522.129,1
2017,5,5,ANCHOVETA,90000,2352,2543.290000000001,1
2017,6,5,ANCHOVETA,90000,652,460.27799999999996,1
2018,3,5,ANCHOVETA,90000,837.255,837.2550000000002,1
2018,4,5,ANCHOVETA,89999.99999999999,379.513,379.51300000000003,1
2018,7,5,ANCHOVETA,90000,13.099,13.099,1
2018,11,5,ANCHOVETA,90000,51.049,51.649,1
2018,12,5,ANCHOVETA,90000,13.301,13.301,1
2019,4,5,ANCHOVETA,100000,1809.88,1812.657,1
2019,5,5,ANCHOVETA,100000,1150.3900000000003,1151.096,1
2019,6,5,ANCHOVETA,100000,101.86,101.898,1
2019,7,5,ANCHOVETA,100000,4.74,4.747,1
2020,4,5,ANCHOVETA,100000,276.763,198.868,1
2012,3,5,JUREL,59000,226,258.15,1
2016,3,5,JUREL,114000,4,30.003,1
2016,5,5,JUREL,700000,1,2.08,1
2017,5,5,JUREL,120000,79,84.87700000000001,1
2020,2,5,JUREL,120000,135.234,139.03400000000002,1
2020,3,5,JUREL,120000,114.849,117.24900000000001,1
2020,4,5,JUREL,120000,210.989,214.189,1
2022,1,5,JUREL,350000,35.572,6.183999999999999,1
2012,4,5,SARDINA COMUN,50000,2949,3069.485,1
2012,5,5,SARDINA COMUN,50000,2212,2449.341000000001,1
2012,6,5,SARDINA COMUN,50000,900,909.941,1
2012,7,5,SARDINA COMUN,50000,583,589.9700000000001,1
2012,8,5,SARDINA COMUN,50000,5,3.935,1
2012,10,5,SARDINA COMUN,60000,1292,1353.6449999999995,1
2012,11,5,SARDINA COMUN,60000,1322,1399.62,1
2013,3,5,SARDINA COMUN,79792,2494.115,2537.24,1
2013,4,5,SARDINA COMUN,79785,2084.822,2101.242,1
2013,5,5,SARDINA COMUN,79795,538.833,561.243,1
2013,6,5,SARDINA COMUN,91053,2.005,6.9990000000000006,1
2014,3,5,SARDINA COMUN,85559.00000000001,3216.545,3297.8100000000004,1
2014,4,5,SARDINA COMUN,85559,3112.487,3793.957999999999,1
2014,5,5,SARDINA COMUN,85559,2328.714,1638.9130000000002,1
2014,6,5,SARDINA COMUN,85559,38.956,50.78,1
2014,11,5,SARDINA COMUN,75000,158.14499999999998,158.245,1
2014,12,5,SARDINA COMUN,75000,113.241,114.156,1
2015,7,5,SARDINA COMUN,100000,388.498,392.8179999999999,1
2015,11,5,SARDINA COMUN,100000,995.079,1066.408,1
2015,12,5,SARDINA COMUN,100000,686.4670000000001,668.6550000000001,1
2016,4,5,SARDINA COMUN,100000,788,1290.5769999999998,1
2016,5,5,SARDINA COMUN,100000,3077,2680.069,1
2016,6,5,SARDINA COMUN,100000,466,384.884,1
2016,7,5,SARDINA COMUN,100000,541,547.2590000000001,1
2017,3,5,SARDINA COMUN,91527,440,456.58099999999996,1
2017,4,5,SARDINA COMUN,90000,1005,1010.6919999999999,1
2017,5,5,SARDINA COMUN,90600,1017,1085.6780000000003,1
2017,6,5,SARDINA COMUN,90000,549,488.043,1
2018,3,5,SARDINA COMUN,89999.99999999999,1778.6760000000002,1780.0160000000003,1
2018,4,5,SARDINA COMUN,90000,1871.9370000000004,1871.977,1
2018,7,5,SARDINA COMUN,90000,14.236,14.236,1
2018,11,5,SARDINA COMUN,90000,903.216,987.1539999999998,1
2018,12,5,SARDINA COMUN,90000,135.376,51.437999999999995,1
2019,4,5,SARDINA COMUN,100000,235.59,254.118,1
2019,5,5,SARDINA COMUN,100000,621.68,631.995,1
2019,6,5,SARDINA COMUN,100000,295.06,295.07899999999995,1
2019,7,5,SARDINA COMUN,10000,0.73,0.73,1
2019,11,5,SARDINA COMUN,10000,3.33,3.33,1
2019,12,5,SARDINA COMUN,10000,125.94,126.22900000000001,1
2020,4,5,SARDINA COMUN,100000,373.377,382.4770000000001,1
2012,8,5,SARDINA ESPAÑOLA,59000,10,0,1
2012,2,8,ANCHOVETA,62000,10,255.91999999999993,1
2012,3,8,ANCHOVETA,65680.49490538574,2748,6355.603999999999,5
2012,4,8,ANCHOVETA,71625.90113285273,11652,29744.708999999988,5
2012,5,8,ANCHOVETA,73935.16912402428,4612,10106.860999999999,4
2012,6,8,ANCHOVETA,79257.51503006012,998,2533.747,4
2012,7,8,ANCHOVETA,76176.4705882353,663,1925.8370000000011,3
2012,8,8,ANCHOVETA,85886.52482269504,141,296.47,3
2012,9,8,ANCHOVETA,84000,35,34.339,1
2012,10,8,ANCHOVETA,86921.86128182616,3417,6961.278999999993,5
2012,11,8,ANCHOVETA,86910.84830566295,4397,6600.458,4
2012,12,8,ANCHOVETA,95284.3295638126,2476,4562.525,4
2013,2,8,ANCHOVETA,221303,3.641,15.942,1
2013,3,8,ANCHOVETA,91914.85021424932,8316.245,18801.632999999998,6
2013,4,8,ANCHOVETA,87400.45266010179,2798.126,5236.368999999996,3
2013,5,8,ANCHOVETA,93525.9681177288,1656.281,2529.2860000000005,3
2013,6,8,ANCHOVETA,93043.80776964802,1420.296,1822.6490000000006,3
2013,7,8,ANCHOVETA,96677.17438971747,227.026,569.511,2
2013,10,8,ANCHOVETA,96830.4867808418,344.5,984.5780000000003,2
2013,11,8,ANCHOVETA,92241.17224275888,854.84,1858.4690000000003,2
2013,12,8,ANCHOVETA,124334.55109744596,1029.709,2635.533999999999,2
2014,3,8,ANCHOVETA,97765.4230333438,2680.349,9088.817999999996,4
2014,4,8,ANCHOVETA,100668.09916478848,8806.392,26567.707000000042,4
2014,5,8,ANCHOVETA,103679.72729639284,2977.0930000000003,8136.257000000001,2
2014,6,8,ANCHOVETA,101660,311.82700000000006,1311.299000000001,1
2014,7,8,ANCHOVETA,96266,2124.617,1962.9820000000009,1
2014,10,8,ANCHOVETA,107642,451.657,2288.398999999998,1
2014,11,8,ANCHOVETA,119994,177.897,2722.4699999999993,1
2014,12,8,ANCHOVETA,114530,47.281,334.15800000000013,1
2016,3,8,ANCHOVETA,129284.49895470384,2870,30288.52300000004,2
2016,4,8,ANCHOVETA,127993.37728937728,546,7406.190000000009,2
2016,5,8,ANCHOVETA,130000,27,6495.779999999998,1
2017,3,8,ANCHOVETA,100000,2395,13024.406000000003,2
2017,4,8,ANCHOVETA,130349,689,5362.295999999999,2
2017,5,8,ANCHOVETA,111783.85601577908,507,5808.296999999999,2
2017,6,8,ANCHOVETA,130108,68,1219.968,1
2017,10,8,ANCHOVETA,95000,318,2871.225,1
2017,11,8,ANCHOVETA,96041,1746,15138.645000000006,1
2017,12,8,ANCHOVETA,97031,1405,4299.402000000001,1
2018,2,8,ANCHOVETA,215570,121.664,380.598,1
2018,3,8,ANCHOVETA,131071.00000000004,2179.8199999999997,13120.591000000004,2
2018,4,8,ANCHOVETA,146955,2001.551,10074.789999999997,2
2018,5,8,ANCHOVETA,146284,690.259,6173.609,1
2018,6,8,ANCHOVETA,155509,1422.888,5222.4,1
2018,10,8,ANCHOVETA,139712,29.837,1521.0370000000003,1
2018,11,8,ANCHOVETA,155022,734.3719999999998,15687.297000000031,1
2018,12,8,ANCHOVETA,179945,124.501,1137.8110000000001,1
2019,3,8,ANCHOVETA,145888,3388.4300000000003,31654.06500000004,1
2019,4,8,ANCHOVETA,156103,4470.09,42787.06300000001,1
2019,5,8,ANCHOVETA,176030,1529.42,24589.316,1
2019,6,8,ANCHOVETA,162996,576.91,10208.127999999997,1
2019,7,8,ANCHOVETA,84863,58.38999999999999,3909.3800000000015,1
2019,11,8,ANCHOVETA,157711,3420.239999999999,26947.857000000004,1
2019,12,8,ANCHOVETA,157064.7969890759,1103.98,7521.109999999997,2
2020,3,8,ANCHOVETA,135960,549.851,6263.301999999998,2
2020,4,8,ANCHOVETA,162317,5394.833999999998,52458.62799999998,2
2020,5,8,ANCHOVETA,180163,2146.339,40268.924999999974,2
2020,6,8,ANCHOVETA,172458,928.686,12646.322999999999,1
2020,7,8,ANCHOVETA,174124,852.523,5943.889,1
2020,11,8,ANCHOVETA,191823,3814.970999999999,34850.47099999997,1
2020,12,8,ANCHOVETA,263052,243.29,5757.8589999999995,1
2021,3,8,ANCHOVETA,150719.2315607189,11630.185000000003,54853.31200000011,2
2021,4,8,ANCHOVETA,170640.079964694,3680.961999999999,45679.38199999999,2
2021,5,8,ANCHOVETA,168692.22417211713,4515.343000000001,39164.204,2
2021,6,8,ANCHOVETA,189262,935.9459999999998,13784.86400000001,1
2021,7,8,ANCHOVETA,144209,1013.878,3145.8249999999985,1
2021,11,8,ANCHOVETA,161025,896.387,5401.713000000003,1
2021,12,8,ANCHOVETA,162192,81.723,81.739,1
2022,3,8,ANCHOVETA,163765.55081971476,26705.876,88592.13299999983,2
2022,4,8,ANCHOVETA,175099.582980867,21036.289,58980.243000000075,2
2022,5,8,ANCHOVETA,183995.3598910096,5880.8859999999995,21334.704000000005,2
2022,6,8,ANCHOVETA,192361.1562961795,2752.844,11694.585000000003,2
2022,7,8,ANCHOVETA,228717,142.201,745.4509999999997,1
2022,10,8,ANCHOVETA,203429,76.189,378.39700000000005,1
2022,11,8,ANCHOVETA,179410.7960490228,5512.864,20782.02100000001,2
2022,12,8,ANCHOVETA,140000,22.916,22.964000000000002,1
2023,3,8,ANCHOVETA,175983.3201039592,11024.709,35170.895,2
2023,4,8,ANCHOVETA,179682.66154268375,15708.093,46107.68399999994,2
2023,5,8,ANCHOVETA,195882.4266821966,11535.602,40398.37399999994,2
2023,6,8,ANCHOVETA,206333.69387739128,9708.476,24925.789999999986,2
2023,7,8,ANCHOVETA,231000,1811.776,6109.708,1
2023,10,8,ANCHOVETA,271000,423.358,589.51,1
2023,11,8,ANCHOVETA,219581.40616597503,6802.298000000001,22648.110999999986,2
2023,12,8,ANCHOVETA,195176.6038930837,707.357,3442.1889999999994,2
2024,3,8,ANCHOVETA,190000,2137.582,33588.306000000004,1
2024,4,8,ANCHOVETA,190000,1276.102,19913.720999999998,1
2024,5,8,ANCHOVETA,190000,3197.828,35467.74000000001,1
2024,6,8,ANCHOVETA,190000,47.861,2342.348,1
2012,1,8,JUREL,186097.63210888137,14401,67118.57,4
2012,2,8,JUREL,208000,201,40430.758999999976,1
2012,9,8,JUREL,227000,1021,1569.272,1
2012,12,8,JUREL,150000,1452,5548.63,1
2013,1,8,JUREL,181769.4969501425,8492.2,36664.33799999999,3
2013,2,8,JUREL,161076.96978356733,9427.089,35920.64900000001,2
2013,12,8,JUREL,206600.36806662695,1580.021,7766.394000000002,2
2014,1,8,JUREL,189993.0944267919,9968.675,31785.55400000002,2
2014,2,8,JUREL,220000.00000000003,3861.926,39393.035000000025,1
2014,3,8,JUREL,220000,1565.656,25693.29000000001,1
2014,4,8,JUREL,220000,5133.715,60962.31299999999,1
2014,5,8,JUREL,219999.99999999997,1689.4340000000002,40609.817,1
2014,6,8,JUREL,220000,297.951,18459.384000000002,1
2014,8,8,JUREL,220000,890.346,966.558,1
2014,10,8,JUREL,220000.00000000003,871.8770000000001,1155.45,1
2014,12,8,JUREL,220000,2621.12,16199.979000000008,1
2015,2,8,JUREL,199999.99999999997,24.959999999999997,890.757,1
2015,3,8,JUREL,200000,205.852,2339.782,1
2015,5,8,JUREL,200000,7715.591,39832.279,1
2015,12,8,JUREL,176345,1845.197,9772.198,1
2016,1,8,JUREL,391266.5115725917,10931,63101.30599999995,2
2016,2,8,JUREL,405280.8652900689,5085,16778.29599999999,2
2016,3,8,JUREL,200000,734,23136.896999999994,1
2016,4,8,JUREL,200000,3841,45311.535,1
2016,5,8,JUREL,200000,2897,42374.87899999999,1
2016,6,8,JUREL,200000,3606,35130.141,1
2016,7,8,JUREL,200000,511,8906.078,1
2016,12,8,JUREL,200000,126,25606.500000000004,1
2017,1,8,JUREL,231200.868798688,4878,16891.037999999997,3
2017,3,8,JUREL,240000,2095,38018.313,1
2017,4,8,JUREL,240000,2895,53284.055000000044,1
2017,5,8,JUREL,240000,3620,70210.15200000005,1
2017,6,8,JUREL,240000,3107,28097.368999999977,1
2017,7,8,JUREL,240000,2409,39116.927,1
2017,8,8,JUREL,240000,1025,19115.254000000008,1
2018,1,8,JUREL,222489.86066774765,25656.735175,47351.376999999986,4
2018,2,8,JUREL,228507.75247705655,16437.074896,50823.719999999994,3
2018,3,8,JUREL,230000,3221.504,41463.056000000004,1
2018,4,8,JUREL,229999.99999999997,4204.216,42699.91799999999,1
2018,5,8,JUREL,230000,4946.322,65000.02299999998,1
2018,6,8,JUREL,230000.00000000003,2998.624,48543.682000000015,1
2018,7,8,JUREL,209571.96904001723,8917.09282,44127.09000000001,2
2018,8,8,JUREL,210171.4854725694,4468.935756000001,14828.783,2
2018,9,8,JUREL,200000,80.23,468.26800000000003,1
2018,12,8,JUREL,211338.17607319055,9468.13058,48925.97000000002,2
2019,1,8,JUREL,237792.8282087407,11370.66,51534.40599999996,2
2019,2,8,JUREL,230000,5272.96,69226.92299999997,1
2019,3,8,JUREL,230000.00000000003,5683.8499999999995,74661.76199999997,1
2019,4,8,JUREL,230000,5982.609999999999,57635.439000000006,1
2019,5,8,JUREL,230000,3740.869999999999,47756.269000000015,1
2019,6,8,JUREL,230000,3986.58,57878.86599999997,1
2019,7,8,JUREL,230000.00000000003,997.57,38361.60800000001,1
2019,12,8,JUREL,230000,1800.3400000000004,16949.671000000006,1
2020,1,8,JUREL,240811.09403464888,25999.14,80468.49799999999,3
2020,2,8,JUREL,220251.3319498468,10768.928000000002,101254.61999999994,2
2020,3,8,JUREL,189011.62699754108,6540.729000000001,77008.36200000002,2
2020,4,8,JUREL,189168.7731321334,12422.005999999998,60693.96099999997,3
2020,5,8,JUREL,180163,2794.6610000000005,66967.56999999998,1
2020,6,8,JUREL,213656.20727901175,8228.04,51810.274,2
2020,7,8,JUREL,210000,1684.0600000000002,24626.47599999998,1
2021,1,8,JUREL,240000,15788.829,90391.36099999998,2
2021,2,8,JUREL,239999.99999999997,5414.895,82934.48900000002,1
2021,3,8,JUREL,240000,6944.81,72784.29000000004,1
2021,4,8,JUREL,240000,8102.28,72216.459,1
2021,5,8,JUREL,240000,7515.709999999999,70915.00200000004,1
2021,6,8,JUREL,240000,8210.850000000004,65440.95300000001,1
2022,11,8,JUREL,245000,460.799,2569.584,1
2022,12,8,JUREL,245000,1804.84,55366.634999999995,1
2023,1,8,JUREL,290000,12740.93,97698.62099999994,1
2023,2,8,JUREL,290000,21805.724,116303.83099999995,1
2023,3,8,JUREL,290000,1290.983,95194.03399999999,1
2023,4,8,JUREL,290000,5806.167,93114.64700000003,1
2023,5,8,JUREL,290000,15996.909,91887.029,1
2023,6,8,JUREL,290000,4613.623,78410.46100000004,1
2023,11,8,JUREL,290000,3132.814,38833.76500000001,1
2024,1,8,JUREL,300000,20710.696,143748.72700000007,1
2024,3,8,JUREL,300000,9308.235,104545.81199999998,1
2024,4,8,JUREL,300000,19174.806,122618.51999999989,1
2024,5,8,JUREL,300000,9106.494,84925.71699999996,1
2012,2,8,SARDINA COMUN,68471.82425978988,10470,18603.985999999997,2
2012,3,8,SARDINA COMUN,66178.71411027685,128658,216777.33199999976,8
2012,4,8,SARDINA COMUN,70735.29149183109,100809,164634.0050000001,8
2012,5,8,SARDINA COMUN,76262.17170345657,25777,41729.18700000001,6
2012,6,8,SARDINA COMUN,83549.03064415259,15990,27453.918,5
2012,7,8,SARDINA COMUN,77932.40246406572,24350,39902.53900000003,4
2012,8,8,SARDINA COMUN,83320.57745187901,8728,13540.762999999997,4
2012,9,8,SARDINA COMUN,84000,1092,197.57700000000003,1
2012,10,8,SARDINA COMUN,85812.37121898953,24266,37466.82799999997,7
2012,11,8,SARDINA COMUN,87127.58248535306,51888,81691.644,6
2012,12,8,SARDINA COMUN,89941.91432670629,24395,39438.629000000015,6
2013,2,8,SARDINA COMUN,149998,448.732,973.8109999999999,1
2013,3,8,SARDINA COMUN,115389.1391665176,35775.2,51996.734000000004,8
2013,4,8,SARDINA COMUN,153671.20759704852,10737.749000000002,11997.53199999999,5
2013,5,8,SARDINA COMUN,134700.92407478509,12011.912,11854.431000000002,5
2013,6,8,SARDINA COMUN,177714.95378072452,6083.133,6367.226,5
2013,7,8,SARDINA COMUN,159244.25570075045,13946.541,30429.591,3
2013,10,8,SARDINA COMUN,129977.70073039904,5303.813,11439.844999999998,3
2013,11,8,SARDINA COMUN,209274.81948404445,17026.157000000003,30110.675000000007,3
2013,12,8,SARDINA COMUN,312459.49566206284,11369.805,13986.951000000005,3
2014,3,8,SARDINA COMUN,89951.45007449009,79555.542,167005.40399999966,6
2014,4,8,SARDINA COMUN,92080.23777414615,44887.458000000006,96494.81999999998,6
2014,5,8,SARDINA COMUN,96504.52194822184,21177.342,37953.51500000003,4
2014,6,8,SARDINA COMUN,96424.1940772372,18879.061,34657.68400000003,3
2014,7,8,SARDINA COMUN,95921.20190304011,17433.789,32794.83099999999,3
2014,10,8,SARDINA COMUN,103280.61170484856,11905.561999999998,28354.785000000025,3
2014,11,8,SARDINA COMUN,107879.04346300907,9190.643,27448.484000000008,3
2014,12,8,SARDINA COMUN,121964.80825979856,836.679,2298.357,2
2015,2,8,SARDINA COMUN,100000,146.542,147.054,1
2015,3,8,SARDINA COMUN,119660.2504398007,20178.415963999996,59057.369999999995,4
2015,4,8,SARDINA COMUN,112502.83501309162,34631.669,94780.00800000007,4
2015,5,8,SARDINA COMUN,114376.88936733767,22558.085000000003,65080.799999999996,4
2015,6,8,SARDINA COMUN,103816.5394888139,3730.031,8938.752000000002,2
2015,7,8,SARDINA COMUN,100747.20421567452,1610.371,9538.653000000008,2
2015,10,8,SARDINA COMUN,129712,2660.977,23658.615999999995,1
2015,11,8,SARDINA COMUN,127986.27947659785,13129.178000000002,72783.1130000002,2
2015,12,8,SARDINA COMUN,126525.05622636188,2510.2459999999996,16249.863999999992,2
2016,2,8,SARDINA COMUN,120000,3156,13320.896,1
2016,3,8,SARDINA COMUN,120182.19186545392,5827,33516.63100000001,2
2016,4,8,SARDINA COMUN,119163.40271493212,884,9037.596000000007,2
2016,5,8,SARDINA COMUN,120000,1482,10196.389000000005,1
2016,6,8,SARDINA COMUN,120000,4946,24911.257999999994,1
2016,7,8,SARDINA COMUN,126616.03534777652,7016,14042.949999999999,3
2016,10,8,SARDINA COMUN,121613.99881270409,10107,16075.666,3
2016,11,8,SARDINA COMUN,121985.78898280385,20586,51071.78700000003,4
2016,12,8,SARDINA COMUN,119736.04076590488,8095,14429.217000000004,4
2017,2,8,SARDINA COMUN,100000,1090,7532.133000000001,1
2017,3,8,SARDINA COMUN,103819.11794398454,69338,159219.4409999997,4
2017,4,8,SARDINA COMUN,115341.17703431162,11687,27038.325999999983,4
2017,5,8,SARDINA COMUN,110619.45370055536,8823,19169.43500000003,4
2017,6,8,SARDINA COMUN,105749.42285714284,1400,8639.339000000002,3
2017,7,8,SARDINA COMUN,97534.69526074402,5887,10521.101999999997,5
2017,10,8,SARDINA COMUN,106444.96859401,9616,14886.659,5
2017,11,8,SARDINA COMUN,133948.4129545097,12706,21539.331000000027,5
2017,12,8,SARDINA COMUN,101519.72331098503,3878,6915.819000000007,5
2018,2,8,SARDINA COMUN,174455.20454043007,2076.191,6600.905,2
2018,3,8,SARDINA COMUN,120035.14079139312,76730.841,119782.16800000006,6
2018,4,8,SARDINA COMUN,126403.12472957988,51220.304,69435.20100000002,6
2018,5,8,SARDINA COMUN,110376.62295306468,15940.599000000002,25932.76699999997,5
2018,6,8,SARDINA COMUN,132146.44820132843,10406.319,19177.497000000003,4
2018,7,8,SARDINA COMUN,102807,69.04,69.04,1
2018,10,8,SARDINA COMUN,112693.17143721312,3408.7290000000003,5646.3910000000005,4
2018,11,8,SARDINA COMUN,120079.85500013742,18301.107,37334.68900000007,5
2018,12,8,SARDINA COMUN,133103.00899812047,2583.0950000000003,5848.146000000002,5
2019,3,8,SARDINA COMUN,121116.32248940528,33608.66999999999,95392.3840000003,4
2019,4,8,SARDINA COMUN,122120.1156675519,21941.59,53436.897999999965,4
2019,5,8,SARDINA COMUN,117882.74286899084,8440.25,27114.316000000017,4
2019,6,8,SARDINA COMUN,117276.9254772486,1986.91,11263.937000000009,4
2019,7,8,SARDINA COMUN,112104.6887907378,1913.15,7346.317999999996,3
2019,11,8,SARDINA COMUN,130243.39703571922,9712.98,39495.29000000002,3
2019,12,8,SARDINA COMUN,134193.26829572694,6249.82,21547.41599999999,5
2020,3,8,SARDINA COMUN,141541.96946013876,9343.068,26291.045000000042,4
2020,4,8,SARDINA COMUN,151938.5267921938,38920.833,94356.80599999991,4
2020,5,8,SARDINA COMUN,161253.7613619862,13572.913,31957.376999999993,4
2020,6,8,SARDINA COMUN,153473.86592567948,2052.757,6025.449999999997,3
2020,7,8,SARDINA COMUN,170707.4114135837,834.97,2904.852,2
2020,11,8,SARDINA COMUN,158105.35953720604,4921.499,20880.215000000004,3
2020,12,8,SARDINA COMUN,169271.10800736642,4068.204,18364.102999999996,3
2021,3,8,SARDINA COMUN,144425.82069892983,44265.95999999999,165217.76999999993,3
2021,4,8,SARDINA COMUN,147596.76470616524,17259.547000000002,79752.23500000019,3
2021,5,8,SARDINA COMUN,151221.00129293575,2971.5319999999992,16722.233000000007,3
2021,6,8,SARDINA COMUN,176852.7157586326,394.552,3721.140000000002,2
2021,7,8,SARDINA COMUN,144209,336.662,1580.4450000000002,1
2021,11,8,SARDINA COMUN,147465.73034421893,983.502,3034.583999999999,2
2022,3,8,SARDINA COMUN,182376,19420.5,94486.032,1
2022,4,8,SARDINA COMUN,185527,4983.149,27139.34699999997,1
2022,5,8,SARDINA COMUN,197958,1262.83,5738.693000000002,1
2022,6,8,SARDINA COMUN,186367,562.275,2074.7350000000015,1
2022,7,8,SARDINA COMUN,231917,163.366,878.0000000000001,1
2022,10,8,SARDINA COMUN,206435,1288.961,5393.874999999999,1
2022,11,8,SARDINA COMUN,186638.436469386,3188.148,10296.299999999988,2
2022,12,8,SARDINA COMUN,140000,121.379,159.709,1
2023,3,8,SARDINA COMUN,177881.75766877903,51485.673,194610.7549999997,2
2023,4,8,SARDINA COMUN,186545.1564040832,24271.585,96459.13099999996,2
2023,5,8,SARDINA COMUN,193971.28200244685,8526.848,38585.39899999999,2
2023,6,8,SARDINA COMUN,207218.0427487404,2324.934,7921.475999999999,2
2023,7,8,SARDINA COMUN,231000,367.149,1809.8730000000003,1
2023,10,8,SARDINA COMUN,271000,207.792,322.25899999999996,1
2023,11,8,SARDINA COMUN,246000,3306.15,16592.235000000022,1
2023,12,8,SARDINA COMUN,222999.99999999997,766.363,6324.315999999996,1
2024,3,8,SARDINA COMUN,190000,3112.291,51741.52300000001,1
2024,4,8,SARDINA COMUN,190000,498.119,6700.027000000001,1
2024,5,8,SARDINA COMUN,190000,262.32,6134.688999999997,1
2024,6,8,SARDINA COMUN,190000,2.792,410.42199999999985,1
2016,1,10,ANCHOVETA,117678,52,114.417,1
2016,2,10,ANCHOVETA,97867,199,372.381,1
2016,3,10,ANCHOVETA,121408,35,20.742,1
2016,4,10,ANCHOVETA,113888,99,157.86100000000002,1
2014,2,10,SARDINA COMUN,90170,28.03,143.386,1
2014,3,10,SARDINA COMUN,93150,56.55,91.018,1
2014,4,10,SARDINA COMUN,95420,32.6,70.055,1
2014,5,10,SARDINA COMUN,93070,104.74,378.10100000000006,1
2014,7,10,SARDINA COMUN,115460,323.072,118.679,1
2014,8,10,SARDINA COMUN,119060,25.4,36.909000000000006,1
2014,11,10,SARDINA COMUN,120656,1128.15,166.92200000000003,1
2014,12,10,SARDINA COMUN,130250,542.92,188.515,1
2015,11,10,SARDINA COMUN,129699,440.44999999999993,82.595,1
2016,1,10,SARDINA COMUN,117678,151,239.66299999999998,1
2016,2,10,SARDINA COMUN,97867,191,770.9180000000005,1
2016,3,10,SARDINA COMUN,121408,104,75.94200000000001,1
2016,4,10,SARDINA COMUN,113888,173,234.26599999999996,1
2013,2,14,ANCHOVETA,92055,109.821,225.83600000000004,1
2013,3,14,ANCHOVETA,91674,233.349,320.50300000000004,1
2013,4,14,ANCHOVETA,100221,439.697,465.39299999999986,1
2013,5,14,ANCHOVETA,106553,479.302,547.745,1
2013,6,14,ANCHOVETA,121400,950.2229999999998,1015.0880000000002,1
2013,7,14,ANCHOVETA,111689,176.412,180.889,1
2013,10,14,ANCHOVETA,77819,10.699,17.578,1
2013,11,14,ANCHOVETA,84664,323.903,449.05899999999997,1
2013,12,14,ANCHOVETA,84480,588.2120000000001,538.3209999999999,1
2014,2,14,ANCHOVETA,88495,615.568,672.1819999999999,1
2014,3,14,ANCHOVETA,92640,117.158,155.01599999999996,1
2014,4,14,ANCHOVETA,95512,117.833,167.45999999999998,1
2014,5,14,ANCHOVETA,97304,60.785,86.26499999999999,1
2014,6,14,ANCHOVETA,97316,45.599,81.658,1
2014,11,14,ANCHOVETA,119784,43.675,76.83000000000001,1
2015,7,14,ANCHOVETA,119323,2.823,3.733,1
2015,10,14,ANCHOVETA,126881,9.297,14.651000000000002,1
2015,11,14,ANCHOVETA,129496,97.672,81.68599999999999,1
2015,12,14,ANCHOVETA,136479,238.945,254.85899999999995,1
2018,10,14,ANCHOVETA,126346,134.154,136.365,1
2018,11,14,ANCHOVETA,136231,122.45600000000002,122.245,1
2018,12,14,ANCHOVETA,159033,35.739,35.739,1
2019,2,14,ANCHOVETA,116019,9.41,12.495999999999999,1
2019,3,14,ANCHOVETA,140456,129.51,126.485,1
2019,4,14,ANCHOVETA,139136,112.12,112.14099999999999,1
2019,5,14,ANCHOVETA,134852,1034.24,1034.3039999999999,1
2019,6,14,ANCHOVETA,135151,2486.1000000000004,2486.1230000000014,1
2019,7,14,ANCHOVETA,182213,96.69,96.704,1
2019,11,14,ANCHOVETA,155229,1406.4299999999998,1476.1660000000002,1
2019,12,14,ANCHOVETA,149748,849.16,779.624,1
2020,2,14,ANCHOVETA,124176,1714.996,1714.9960000000003,1
2020,3,14,ANCHOVETA,134485,1136.6090000000002,1142.58,1
2020,4,14,ANCHOVETA,145413,562.103,576.64,1
2020,5,14,ANCHOVETA,149787,1140.022,1127.145,1
2020,6,14,ANCHOVETA,146279,585.258,577.787,1
2020,2,14,JUREL,200000,1084.462,1084.4620000000002,1
2012,2,14,SARDINA COMUN,67000,7567,13115.294999999995,1
2012,3,14,SARDINA COMUN,62000,20491,23251.638999999966,1
2012,4,14,SARDINA COMUN,67000,16571,17010.24900000001,1
2012,5,14,SARDINA COMUN,74000,13048,14929.454000000007,1
2012,6,14,SARDINA COMUN,86000,2429,2769.5099999999993,1
2012,7,14,SARDINA COMUN,79000,1934,3058.3179999999998,1
2012,8,14,SARDINA COMUN,76000,5028,6140.813999999999,1
2012,10,14,SARDINA COMUN,78000,9263,11899.413000000002,1
2012,11,14,SARDINA COMUN,83000,21790,25341.09100000001,1
2012,12,14,SARDINA COMUN,93000,20076,19815.788999999997,1
2013,2,14,SARDINA COMUN,92055,7538.711,9225.556000000004,1
2013,3,14,SARDINA COMUN,91674,9363.041,12559.499999999996,1
2013,4,14,SARDINA COMUN,100221,6207.649,8409.581,1
2013,5,14,SARDINA COMUN,106553,5176.484999999999,6739.625999999998,1
2013,6,14,SARDINA COMUN,121400,2467.197,3660.7479999999987,1
2013,7,14,SARDINA COMUN,111689,2761.5110000000004,3193.0690000000013,1
2013,10,14,SARDINA COMUN,77819,1400.845,1569.19,1
2013,11,14,SARDINA COMUN,84664,2814.5519999999997,3872.887,1
2013,12,14,SARDINA COMUN,84480,7148.675,9975.711999999998,1
2014,2,14,SARDINA COMUN,88494.99999999999,12416.102999999996,15833.325000000008,1
2014,3,14,SARDINA COMUN,92640,21110.927999999993,25977.487999999983,1
2014,4,14,SARDINA COMUN,95512,15619.315,19291.61,1
2014,5,14,SARDINA COMUN,97304,6100.419000000001,8270.163000000004,1
2014,6,14,SARDINA COMUN,97316,6490.853999999999,7653.153,1
2014,7,14,SARDINA COMUN,98674,7414.426999999999,8974.982,1
2014,10,14,SARDINA COMUN,118828,3055.3540000000003,3989.3509999999987,1
2014,11,14,SARDINA COMUN,119784,10724.679999999997,16365.092999999979,1
2014,12,14,SARDINA COMUN,127349,2373.725,3191.6099999999988,1
2015,7,14,SARDINA COMUN,119323,2212.2440000000006,2889.663999999999,1
2015,8,14,SARDINA COMUN,124018,883.565,1768.2150000000001,1
2015,10,14,SARDINA COMUN,126881,7691.029000000001,10387.506000000001,1
2015,11,14,SARDINA COMUN,129496,3825.906,5802.51,1
2015,12,14,SARDINA COMUN,136479,5940.495,6631.583,1
2018,7,14,SARDINA COMUN,103055,1120.282,1120.2820000000002,1
2018,10,14,SARDINA COMUN,126346,7401.209000000001,6809.922999999996,1
2018,11,14,SARDINA COMUN,136231,8227.280999999999,8862.460000000001,1
2018,12,14,SARDINA COMUN,159033,1912.666,1919.2160000000001,1
2019,2,14,SARDINA COMUN,116079,11544.53,12826.72,1
2019,3,14,SARDINA COMUN,140456,14532.449999999995,13317.263999999997,1
2019,4,14,SARDINA COMUN,139862,11974.37,12122.329999999996,1
2019,5,14,SARDINA COMUN,134862,4653.360000000001,4515.277,1
2019,6,14,SARDINA COMUN,135151,2390.47,2390.806000000001,1
2019,7,14,SARDINA COMUN,182213,209.72,209.731,1
2019,11,14,SARDINA COMUN,155229,7874.479999999999,8192.721000000001,1
2019,12,14,SARDINA COMUN,149748,8996.869999999997,8680.412000000004,1
2020,2,14,SARDINA COMUN,124176,5300.462,5300.4619999999995,1
2020,3,14,SARDINA COMUN,134485,8744.298999999999,8822.828,1
2020,4,14,SARDINA COMUN,145413,9346.481999999998,9564.55,1
2020,5,14,SARDINA COMUN,149787,5534.731,5268.588,1
2020,6,14,SARDINA COMUN,146279,2626.986,2597.1020000000003,1
