ANIO,MES,RG,NM_RECURSO,PRECIO_PONDERADO,Q_MUESTRA_PLANTAS,N_PLANTAS,N_TRANSACCIONES,PRECIO_MIN,PRECIO_MAX,CV_PRECIO,N_OUTLIERS,FECHA
2012,1,8,JUREL,164000,555,1,1,164000,164000,NA,0,2012-01-01
2012,2,8,ANCHOVETA,62000,10,1,1,62000,62000,NA,0,2012-02-01
2012,2,8,SARDINA COMUN,62000,790,1,1,62000,62000,NA,0,2012-02-01
2012,2,14,SARDINA COMUN,67000,7567,1,1,67000,67000,NA,0,2012-02-01
2012,3,5,JUREL,59000,226,1,1,59000,59000,NA,0,2012-03-01
2012,3,8,ANCHOVETA,62694.845360824744,1455,3,3,62000,63000,0.009213036210472753,0,2012-03-01
2012,3,8,SARDINA COMUN,63995.9413296655,88699,6,6,62000,66000,0.0289414301425263,0,2012-03-01
2012,3,14,SARDINA COMUN,62000,20491,1,1,62000,62000,NA,0,2012-03-01
2012,4,5,ANCHOVETA,50000,734,1,1,50000,50000,NA,0,2012-04-01
2012,4,5,SARDINA COMUN,50000,2949,1,1,50000,50000,NA,0,2012-04-01
2012,4,8,ANCHOVETA,66485.42791056284,6485,3,3,62000,68000,0.05248638810814779,0,2012-04-01
2012,4,8,SARDINA COMUN,68559.06098621289,64408,6,6,62000,73000,0.06353784795919314,0,2012-04-01
2012,4,14,SARDINA COMUN,67000,16571,1,1,67000,67000,NA,0,2012-04-01
2012,5,5,ANCHOVETA,50000,569,1,1,50000,50000,NA,0,2012-05-01
2012,5,5,SARDINA COMUN,50000,2212,1,1,50000,50000,NA,0,2012-05-01
2012,5,8,ANCHOVETA,66594.37751004015,1743,2,2,62000,75000,0.13419544752445428,0,2012-05-01
2012,5,8,SARDINA COMUN,72039.91130820398,11275,4,4,62000,77000,0.0972063195947861,0,2012-05-01
2012,5,14,SARDINA COMUN,74000,13048,1,1,74000,74000,NA,0,2012-05-01
2012,6,5,ANCHOVETA,50000,197,1,1,50000,50000,NA,0,2012-06-01
2012,6,5,SARDINA COMUN,50000,900,1,1,50000,50000,NA,0,2012-06-01
2012,6,8,ANCHOVETA,75559.60264900663,302,2,2,71000,80000,0.08429087457852884,0,2012-06-01
2012,6,8,SARDINA COMUN,86144.46043165468,6950,3,3,71000,94000,0.1419211318425609,0,2012-06-01
2012,6,14,SARDINA COMUN,86000,2429,1,1,86000,86000,NA,0,2012-06-01
2012,7,5,SARDINA COMUN,50000,583,1,1,50000,50000,NA,0,2012-07-01
2012,7,8,ANCHOVETA,71000,187,1,1,71000,71000,NA,0,2012-07-01
2012,7,8,SARDINA COMUN,76696.34384593916,10749,2,2,71000,86000,0.13511594544965874,0,2012-07-01
2012,7,14,SARDINA COMUN,79000,1934,1,1,79000,79000,NA,0,2012-07-01
2012,8,5,SARDINA COMUN,50000,5,1,1,50000,50000,NA,0,2012-08-01
2012,8,8,ANCHOVETA,78000,25,1,1,78000,78000,NA,0,2012-08-01
2012,8,8,SARDINA COMUN,79310.3953147877,4098,2,2,78000,80000,0.01790143749839361,0,2012-08-01
2012,8,14,SARDINA COMUN,76000,5028,1,1,76000,76000,NA,0,2012-08-01
2012,10,5,ANCHOVETA,60000,338,1,1,60000,60000,NA,0,2012-10-01
2012,10,5,SARDINA COMUN,60000,1292,1,1,60000,60000,NA,0,2012-10-01
2012,10,8,ANCHOVETA,83424.12451361868,1285,3,3,80000,91000,0.07271969039411318,0,2012-10-01
2012,10,8,SARDINA COMUN,83497.25400457667,13110,5,5,80000,91000,0.05933843504299203,0,2012-10-01
2012,10,14,SARDINA COMUN,78000,9263,1,1,78000,78000,NA,0,2012-10-01
2012,11,5,ANCHOVETA,60000,461,1,1,60000,60000,NA,0,2012-11-01
2012,11,5,SARDINA COMUN,60000,1322,1,1,60000,60000,NA,0,2012-11-01
2012,11,8,ANCHOVETA,83128.1407035176,1592,2,2,80000,92000,0.09866606249114616,0,2012-11-01
2012,11,8,SARDINA COMUN,85767.86281359162,28341,4,4,80000,92000,0.05938459911664722,0,2012-11-01
2012,11,14,SARDINA COMUN,83000,21790,1,1,83000,83000,NA,0,2012-11-01
2012,12,8,ANCHOVETA,91828.57142857143,525,2,2,80000,98000,0.1430103602399759,0,2012-12-01
2012,12,8,SARDINA COMUN,89338.87142643316,13362,4,4,80000,98000,0.09206604461778616,0,2012-12-01
2012,12,14,SARDINA COMUN,93000,20076,1,1,93000,93000,NA,0,2012-12-01
2013,2,8,ANCHOVETA,221303,3.641,1,1,221303,221303,NA,0,2013-02-01
2013,2,8,SARDINA COMUN,149998,448.73199999999997,1,1,149998,149998,NA,0,2013-02-01
2013,3,5,ANCHOVETA,79792,2435.756,1,1,79792,79792,NA,0,2013-03-01
2013,3,5,SARDINA COMUN,79792,2494.1150000000002,1,1,79792,79792,NA,0,2013-03-01
2013,3,8,ANCHOVETA,88834.3715928417,4476.420999999999,4,4,85000,100208,0.06837896282397452,0,2013-03-01
2013,3,8,SARDINA COMUN,102076.61744335637,21481.015000000003,5,5,85000,191270,0.3995366472947857,0,2013-03-01
2013,4,5,ANCHOVETA,79785,1713.8729999999998,1,1,79785,79785,NA,0,2013-04-01
2013,4,5,SARDINA COMUN,79785,2084.822,1,1,79785,79785,NA,0,2013-04-01
2013,4,8,ANCHOVETA,85000,1278.4950000000001,1,1,85000,85000,NA,0,2013-04-01
2013,4,8,SARDINA COMUN,91788.24105005186,3219.041,2,2,85000,112082,0.1943339914156958,0,2013-04-01
2013,5,5,ANCHOVETA,79795,310.10699999999997,1,1,79795,79795,NA,0,2013-05-01
2013,5,5,SARDINA COMUN,79795,538.833,1,1,79795,79795,NA,0,2013-05-01
2013,5,8,ANCHOVETA,90000,841.2719999999999,1,1,90000,90000,NA,0,2013-05-01
2013,5,8,SARDINA COMUN,98282.60075841096,3866.7690000000002,2,2,90000,119156,0.19713902840248407,0,2013-05-01
2013,6,5,SARDINA COMUN,91053,2.005,1,1,91053,91053,NA,0,2013-06-01
2013,6,8,ANCHOVETA,90000,610.9680000000001,1,1,90000,90000,NA,0,2013-06-01
2013,6,8,SARDINA COMUN,98570.9918497853,1518.733,2,2,90000,139995,0.3074136700834491,0,2013-06-01
2014,2,10,SARDINA COMUN,90170,28.03,1,1,90170,90170,NA,0,2014-02-01
2014,2,14,ANCHOVETA,88495,615.568,1,1,88495,88495,NA,0,2014-02-01
2014,2,14,SARDINA COMUN,88494.99999999999,12416.102999999997,1,1,88495,88495,NA,0,2014-02-01
2014,3,5,ANCHOVETA,85559,1231.815,1,1,85559,85559,NA,0,2014-03-01
2014,3,5,SARDINA COMUN,85559.00000000001,3216.545,1,1,85559,85559,NA,0,2014-03-01
2014,3,8,ANCHOVETA,93984.59140112881,1314.847,3,3,85000,101406,0.08804837834630524,0,2014-03-01
2014,3,8,SARDINA COMUN,85890.34304366312,39824.703,4,4,24947,101406,0.45657717978913376,0,2014-03-01
2014,3,10,SARDINA COMUN,93150,56.55,1,1,93150,93150,NA,0,2014-03-01
2014,3,14,ANCHOVETA,92640.00000000001,117.158,1,1,92640,92640,NA,0,2014-03-01
2014,3,14,SARDINA COMUN,92640,21110.927999999993,1,1,92640,92640,NA,0,2014-03-01
2014,4,5,ANCHOVETA,85559,1165.021,1,1,85559,85559,NA,0,2014-04-01
2014,4,5,SARDINA COMUN,85559,3112.487,1,1,85559,85559,NA,0,2014-04-01
2014,4,8,ANCHOVETA,96105.33824988354,4439.156,3,3,85000,105306,0.10771222940128888,0,2014-04-01
2014,4,8,SARDINA COMUN,86210.51875310887,21591.46,4,4,26146,105306,0.4531790177856924,0,2014-04-01
2014,4,10,SARDINA COMUN,95420,32.6,1,1,95420,95420,NA,0,2014-04-01
2014,4,14,ANCHOVETA,95512,117.83300000000001,1,1,95512,95512,NA,0,2014-04-01
2014,4,14,SARDINA COMUN,95512,15619.314999999999,1,1,95512,95512,NA,0,2014-04-01
2014,5,5,ANCHOVETA,85559,932.669,1,1,85559,85559,NA,0,2014-05-01
2014,5,5,SARDINA COMUN,85559,2328.714,1,1,85559,85559,NA,0,2014-05-01
2014,5,8,ANCHOVETA,96956,20.785,1,1,96956,96956,NA,0,2014-05-01
2014,5,8,SARDINA COMUN,96955.99999999999,3649.1020000000008,2,2,96956,96956,0,0,2014-05-01
2014,5,10,SARDINA COMUN,93070,104.74,1,1,93070,93070,NA,0,2014-05-01
2014,5,14,ANCHOVETA,97304,60.785,1,1,97304,97304,NA,0,2014-05-01
2014,5,14,SARDINA COMUN,97304,6100.419000000001,1,1,97304,97304,NA,0,2014-05-01
2014,6,5,ANCHOVETA,85559,30.109,1,1,85559,85559,NA,0,2014-06-01
2014,6,5,SARDINA COMUN,85559,38.956,1,1,85559,85559,NA,0,2014-06-01
2014,6,8,SARDINA COMUN,97460,1005.904,1,1,97460,97460,NA,0,2014-06-01
2014,6,14,ANCHOVETA,97315.99999999999,45.599000000000004,1,1,97316,97316,NA,0,2014-06-01
2014,6,14,SARDINA COMUN,97316,6490.853999999999,1,1,97316,97316,NA,0,2014-06-01
2014,7,8,SARDINA COMUN,98674,3849.372,1,1,98674,98674,NA,0,2014-07-01
2014,7,10,SARDINA COMUN,115459.99999999999,323.072,1,1,115460,115460,NA,0,2014-07-01
2014,7,14,SARDINA COMUN,98674,7414.426999999999,1,1,98674,98674,NA,0,2014-07-01
2014,8,10,SARDINA COMUN,119060,25.4,1,1,119060,119060,NA,0,2014-08-01
2014,10,8,SARDINA COMUN,118828.00000000001,2332.58,1,1,118828,118828,NA,0,2014-10-01
2014,10,14,SARDINA COMUN,118828,3055.3540000000003,1,1,118828,118828,NA,0,2014-10-01
2014,11,5,ANCHOVETA,75000,11.295,1,1,75000,75000,NA,0,2014-11-01
2014,11,5,SARDINA COMUN,75000,158.14499999999998,1,1,75000,75000,NA,0,2014-11-01
2014,11,8,SARDINA COMUN,119784,4083.711000000001,1,1,119784,119784,NA,0,2014-11-01
2014,11,10,SARDINA COMUN,120656,1128.15,1,1,120656,120656,NA,0,2014-11-01
2014,11,14,ANCHOVETA,119783.99999999999,43.675,1,1,119784,119784,NA,0,2014-11-01
2014,11,14,SARDINA COMUN,119784,10724.679999999995,1,1,119784,119784,NA,0,2014-11-01
2014,12,5,SARDINA COMUN,75000,113.241,1,1,75000,75000,NA,0,2014-12-01
2014,12,8,SARDINA COMUN,127349,485.26,1,1,127349,127349,NA,0,2014-12-01
2014,12,10,SARDINA COMUN,130250.00000000001,542.92,1,1,130250,130250,NA,0,2014-12-01
2014,12,14,SARDINA COMUN,127349,2373.725,1,1,127349,127349,NA,0,2014-12-01
2015,3,8,SARDINA COMUN,128093.14639193419,3856.2169639999997,2,2,127316,128758,0.007963697825402044,0,2015-03-01
2015,4,8,SARDINA COMUN,114179.71785906443,10997.323,2,2,105140,122265,0.10649900950128297,0,2015-04-01
2015,5,8,SARDINA COMUN,116021.46651743492,7602.046,2,2,109668,121011,0.06954002938281342,0,2015-05-01
2015,7,5,ANCHOVETA,100000,163.573,1,1,100000,100000,NA,0,2015-07-01
2015,7,5,SARDINA COMUN,100000,388.498,1,1,100000,100000,NA,0,2015-07-01
2015,7,8,SARDINA COMUN,120360,59.1,1,1,120360,120360,NA,0,2015-07-01
2015,7,14,ANCHOVETA,119322.99999999999,2.823,1,1,119323,119323,NA,0,2015-07-01
2015,7,14,SARDINA COMUN,119323,2212.2440000000006,1,1,119323,119323,NA,0,2015-07-01
2015,8,14,SARDINA COMUN,124018,883.565,1,1,124018,124018,NA,0,2015-08-01
2015,10,8,SARDINA COMUN,129711.99999999999,2660.977,1,1,129712,129712,NA,0,2015-10-01
2015,10,14,ANCHOVETA,126881,9.297,1,1,126881,126881,NA,0,2015-10-01
2015,10,14,SARDINA COMUN,126881,7691.029000000001,1,1,126881,126881,NA,0,2015-10-01
2015,11,5,ANCHOVETA,100000,63.347,1,1,100000,100000,NA,0,2015-11-01
2015,11,5,SARDINA COMUN,100000,995.079,1,1,100000,100000,NA,0,2015-11-01
2015,11,8,SARDINA COMUN,127986.27947659785,13129.178000000002,2,2,120014,129712,0.054920365231871236,0,2015-11-01
2015,11,10,SARDINA COMUN,129699,440.44999999999993,1,1,129699,129699,NA,0,2015-11-01
2015,11,14,ANCHOVETA,129496,97.672,1,1,129496,129496,NA,0,2015-11-01
2015,11,14,SARDINA COMUN,129496,3825.9060000000004,1,1,129496,129496,NA,0,2015-11-01
2015,12,5,ANCHOVETA,99999.99999999999,426.97999999999996,1,1,100000,100000,NA,0,2015-12-01
2015,12,5,SARDINA COMUN,100000.00000000001,686.4670000000001,1,1,100000,100000,NA,0,2015-12-01
2015,12,8,SARDINA COMUN,136341,1832.2119999999998,1,1,136341,136341,NA,0,2015-12-01
2015,12,14,ANCHOVETA,136479,238.945,1,1,136479,136479,NA,0,2015-12-01
2015,12,14,SARDINA COMUN,136479,5940.495,1,1,136479,136479,NA,0,2015-12-01
2016,1,10,ANCHOVETA,117678,52,1,1,117678,117678,NA,0,2016-01-01
2016,1,10,SARDINA COMUN,117678,151,1,1,117678,117678,NA,0,2016-01-01
2016,2,10,ANCHOVETA,97867,199,1,1,97867,97867,NA,0,2016-02-01
2016,2,10,SARDINA COMUN,97867,191,1,1,97867,97867,NA,0,2016-02-01
2016,3,5,ANCHOVETA,100000,8,1,1,100000,100000,NA,0,2016-03-01
2016,3,5,JUREL,114000,4,1,1,114000,114000,NA,0,2016-03-01
2016,3,8,ANCHOVETA,121408,239,1,1,121408,121408,NA,0,2016-03-01
2016,3,8,SARDINA COMUN,121408,754,1,1,121408,121408,NA,0,2016-03-01
2016,3,10,ANCHOVETA,121408,35,1,1,121408,121408,NA,0,2016-03-01
2016,3,10,SARDINA COMUN,121408,104,1,1,121408,121408,NA,0,2016-03-01
2016,4,5,ANCHOVETA,100000,82,1,1,100000,100000,NA,0,2016-04-01
2016,4,5,SARDINA COMUN,100000,788,1,1,100000,100000,NA,0,2016-04-01
2016,4,8,ANCHOVETA,113888,68,1,1,113888,113888,NA,0,2016-04-01
2016,4,8,SARDINA COMUN,113888,121,1,1,113888,113888,NA,0,2016-04-01
2016,4,10,ANCHOVETA,113888,99,1,1,113888,113888,NA,0,2016-04-01
2016,4,10,SARDINA COMUN,113888,173,1,1,113888,113888,NA,0,2016-04-01
2016,5,5,ANCHOVETA,100000,939,1,1,100000,100000,NA,0,2016-05-01
2016,5,5,SARDINA COMUN,100000,3077,1,1,100000,100000,NA,0,2016-05-01
2016,6,5,ANCHOVETA,100000,291,1,1,100000,100000,NA,0,2016-06-01
2016,6,5,SARDINA COMUN,100000,466,1,1,100000,100000,NA,0,2016-06-01
2016,7,5,ANCHOVETA,100000,319,1,1,100000,100000,NA,0,2016-07-01
2016,7,5,SARDINA COMUN,100000,541,1,1,100000,100000,NA,0,2016-07-01
2016,10,8,SARDINA COMUN,116186,2307,1,1,116186,116186,NA,0,2016-10-01
2016,11,8,SARDINA COMUN,101916,1137,1,1,101916,101916,NA,0,2016-11-01
2016,12,8,SARDINA COMUN,118756,2937,1,1,118756,118756,NA,0,2016-12-01
2017,1,8,JUREL,228999.95848282933,3902,2,2,220000,237899,0.05528076836358242,0,2017-01-01
2017,2,8,SARDINA COMUN,100000,1090,1,1,100000,100000,NA,0,2017-02-01
2017,3,5,ANCHOVETA,94180,69,1,1,94180,94180,NA,0,2017-03-01
2017,3,5,SARDINA COMUN,91527,440,1,1,91527,91527,NA,0,2017-03-01
2017,3,8,ANCHOVETA,100000,2395,2,2,100000,100000,0,0,2017-03-01
2017,3,8,SARDINA COMUN,100000,51684,3,3,100000,100000,0,0,2017-03-01
2017,4,5,ANCHOVETA,90000,522,1,1,90000,90000,NA,0,2017-04-01
2017,4,5,SARDINA COMUN,90000,1005,1,1,90000,90000,NA,0,2017-04-01
2017,4,8,ANCHOVETA,130349,689,2,2,130349,130349,0,0,2017-04-01
2017,4,8,SARDINA COMUN,115399.53266533065,9980,3,3,100000,130349,0.1457341320409535,0,2017-04-01
2017,5,5,ANCHOVETA,90000,2352,1,1,90000,90000,NA,0,2017-05-01
2017,5,5,JUREL,120000,79,1,1,120000,120000,NA,0,2017-05-01
2017,5,5,SARDINA COMUN,90600,1017,1,1,90600,90600,NA,0,2017-05-01
2017,5,8,ANCHOVETA,111783.85601577909,507,2,2,110845,111845,0.00635059303234584,0,2017-05-01
2017,5,8,SARDINA COMUN,105961.28157156221,4276,3,3,100000,111845,0.06338206869428574,0,2017-05-01
2017,6,5,ANCHOVETA,90000,652,1,1,90000,90000,NA,0,2017-06-01
2017,6,5,SARDINA COMUN,90000,549,1,1,90000,90000,NA,0,2017-06-01
2017,6,8,ANCHOVETA,130108,68,1,1,130108,130108,NA,0,2017-06-01
2017,6,8,SARDINA COMUN,105136.47524752475,1313,2,2,100000,130108,0.18503981580792125,0,2017-06-01
2017,7,8,SARDINA COMUN,101700.3495145631,412,2,2,100000,126944,0.167902963835046,0,2017-07-01
2017,10,8,ANCHOVETA,95000,318,1,1,95000,95000,NA,0,2017-10-01
2017,10,8,SARDINA COMUN,95979.16666666667,720,2,2,95000,100000,0.03626188621469474,0,2017-10-01
2017,11,8,ANCHOVETA,96041,1746,1,1,96041,96041,NA,0,2017-11-01
2017,11,8,SARDINA COMUN,97921.525,3960,2,2,96041,100000,0.02855969666261182,0,2017-11-01
2017,12,8,ANCHOVETA,97031,1405,1,1,97031,97031,NA,0,2017-12-01
2017,12,8,SARDINA COMUN,97073.89576883386,1938,2,2,97031,100000,0.02131035251653658,0,2017-12-01
2018,1,8,JUREL,227164.86031067438,10394.575025,2,2,219398,230000,0.033363504484398135,0,2018-01-01
2018,2,8,ANCHOVETA,215570,121.664,1,1,215570,215570,NA,0,2018-02-01
2018,2,8,JUREL,230000,10949.636,1,1,230000,230000,NA,0,2018-02-01
2018,2,8,SARDINA COMUN,215570,1183.001,1,1,215570,215570,NA,0,2018-02-01
2018,3,5,ANCHOVETA,90000,837.255,1,1,90000,90000,NA,0,2018-03-01
2018,3,5,SARDINA COMUN,89999.99999999999,1778.6760000000002,1,1,90000,90000,NA,0,2018-03-01
2018,3,8,ANCHOVETA,131071.00000000003,2179.8199999999997,2,2,131071,131071,0,0,2018-03-01
2018,3,8,SARDINA COMUN,121288.10366726096,36478.942,3,3,110000,131071,0.09807020590603538,0,2018-03-01
2018,4,5,ANCHOVETA,89999.99999999999,379.51300000000003,1,1,90000,90000,NA,0,2018-04-01
2018,4,5,SARDINA COMUN,90000,1871.9370000000004,1,1,90000,90000,NA,0,2018-04-01
2018,4,8,ANCHOVETA,146955,2001.551,2,2,146955,146955,0,0,2018-04-01
2018,4,8,SARDINA COMUN,127763.3827728252,22684.834000000003,3,3,110000,146955,0.15847079199254255,0,2018-04-01
2018,5,8,ANCHOVETA,146284,690.259,1,1,146284,146284,NA,0,2018-05-01
2018,5,8,SARDINA COMUN,124089.47920884361,2905.418,2,2,110000,146284,0.2002205557004939,0,2018-05-01
2018,6,8,ANCHOVETA,155509,1422.8880000000001,1,1,155509,155509,NA,0,2018-06-01
2018,6,8,SARDINA COMUN,155508,2396.423999999999,1,1,155508,155508,NA,0,2018-06-01
2018,7,5,ANCHOVETA,90000,13.099,1,1,90000,90000,NA,0,2018-07-01
2018,7,5,SARDINA COMUN,90000,14.236,1,1,90000,90000,NA,0,2018-07-01
2018,7,14,SARDINA COMUN,103055,1120.282,1,1,103055,103055,NA,0,2018-07-01
2018,10,8,ANCHOVETA,139712,29.837,1,1,139712,139712,NA,0,2018-10-01
2018,10,8,SARDINA COMUN,120846.34077963664,1429.076,2,2,110000,139712,0.16827030084749392,0,2018-10-01
2018,10,14,ANCHOVETA,126345.99999999999,134.154,1,1,126346,126346,NA,0,2018-10-01
2018,10,14,SARDINA COMUN,126346,7401.209000000001,1,1,126346,126346,NA,0,2018-10-01
2018,11,5,ANCHOVETA,90000,51.049,1,1,90000,90000,NA,0,2018-11-01
2018,11,5,SARDINA COMUN,90000,903.216,1,1,90000,90000,NA,0,2018-11-01
2018,11,8,ANCHOVETA,155022,734.3719999999998,1,1,155022,155022,NA,0,2018-11-01
2018,11,8,SARDINA COMUN,129525.71033834566,6505.092999999999,2,2,110000,155022,0.24024693423625768,0,2018-11-01
2018,11,14,ANCHOVETA,136231,122.45600000000002,1,1,136231,136231,NA,0,2018-11-01
2018,11,14,SARDINA COMUN,136231,8227.280999999999,1,1,136231,136231,NA,0,2018-11-01
2018,12,5,ANCHOVETA,90000,13.301,1,1,90000,90000,NA,0,2018-12-01
2018,12,5,SARDINA COMUN,90000,135.376,1,1,90000,90000,NA,0,2018-12-01
2018,12,8,ANCHOVETA,179945,124.50099999999999,1,1,179945,179945,NA,0,2018-12-01
2018,12,8,SARDINA COMUN,154912.09809763837,777.297,2,2,110000,179945,0.34115838390103687,0,2018-12-01
2018,12,14,ANCHOVETA,159033,35.739,1,1,159033,159033,NA,0,2018-12-01
2018,12,14,SARDINA COMUN,159033,1912.6660000000002,1,1,159033,159033,NA,0,2018-12-01
2019,1,8,JUREL,240000,8860.960000000001,1,1,240000,240000,NA,0,2019-01-01
2019,2,14,ANCHOVETA,116019,9.41,1,1,116019,116019,NA,0,2019-02-01
2019,2,14,SARDINA COMUN,116079,11544.529999999999,1,1,116079,116079,NA,0,2019-02-01
2019,3,8,ANCHOVETA,145888,3388.4300000000003,1,1,145888,145888,NA,0,2019-03-01
2019,3,8,SARDINA COMUN,130640.15785760574,18100.87,2,2,120000,145884,0.13767471471944603,0,2019-03-01
2019,3,14,ANCHOVETA,140456,129.51,1,1,140456,140456,NA,0,2019-03-01
2019,3,14,SARDINA COMUN,140456,14532.449999999997,1,1,140456,140456,NA,0,2019-03-01
2019,4,5,ANCHOVETA,100000,1809.88,1,1,100000,100000,NA,0,2019-04-01
2019,4,5,SARDINA COMUN,100000,235.59,1,1,100000,100000,NA,0,2019-04-01
2019,4,8,ANCHOVETA,156103,4470.09,1,1,156103,156103,NA,0,2019-04-01
2019,4,8,SARDINA COMUN,132456.71027351567,11842.1,2,2,120000,156103,0.18492139615417383,0,2019-04-01
2019,4,14,ANCHOVETA,139136,112.12,1,1,139136,139136,NA,0,2019-04-01
2019,4,14,SARDINA COMUN,139862,11974.369999999999,1,1,139862,139862,NA,0,2019-04-01
2019,5,5,ANCHOVETA,100000,1150.3900000000003,1,1,100000,100000,NA,0,2019-05-01
2019,5,5,SARDINA COMUN,100000,621.68,1,1,100000,100000,NA,0,2019-05-01
2019,5,8,ANCHOVETA,176030,1529.42,1,1,176030,176030,NA,0,2019-05-01
2019,5,8,SARDINA COMUN,130123.01453597397,3306.2799999999997,2,2,120000,176030,0.26767012093289366,0,2019-05-01
2019,5,14,ANCHOVETA,134852,1034.24,1,1,134852,134852,NA,0,2019-05-01
2019,5,14,SARDINA COMUN,134862,4653.360000000001,1,1,134862,134862,NA,0,2019-05-01
2019,6,5,ANCHOVETA,100000,101.86,1,1,100000,100000,NA,0,2019-06-01
2019,6,5,SARDINA COMUN,100000,295.06,1,1,100000,100000,NA,0,2019-06-01
2019,6,8,ANCHOVETA,162996,576.91,1,1,162996,162996,NA,0,2019-06-01
2019,6,8,SARDINA COMUN,125992.07618541991,904.1099999999999,2,2,120000,162996,0.2148635540000339,0,2019-06-01
2019,6,14,ANCHOVETA,135151,2486.1000000000004,1,1,135151,135151,NA,0,2019-06-01
2019,6,14,SARDINA COMUN,135151,2390.47,1,1,135151,135151,NA,0,2019-06-01
2019,7,5,ANCHOVETA,100000,4.74,1,1,100000,100000,NA,0,2019-07-01
2019,7,5,SARDINA COMUN,10000,0.73,1,1,10000,10000,NA,0,2019-07-01
2019,7,8,ANCHOVETA,84863,58.38999999999999,1,1,84863,84863,NA,0,2019-07-01
2019,7,8,SARDINA COMUN,116098.39211231768,660.27,2,2,84836,120000,0.24277668821538945,0,2019-07-01
2019,7,14,ANCHOVETA,182213,96.69,1,1,182213,182213,NA,0,2019-07-01
2019,7,14,SARDINA COMUN,182213,209.72,1,1,182213,182213,NA,0,2019-07-01
2019,11,5,SARDINA COMUN,10000,3.33,1,1,10000,10000,NA,0,2019-11-01
2019,11,8,ANCHOVETA,157711,3420.239999999999,1,1,157711,157711,NA,0,2019-11-01
2019,11,8,SARDINA COMUN,133551.52929212592,8348.66,2,2,110000,157711,0.25203874056121245,0,2019-11-01
2019,11,14,ANCHOVETA,155229,1406.4299999999998,1,1,155229,155229,NA,0,2019-11-01
2019,11,14,SARDINA COMUN,155229,7874.479999999999,1,1,155229,155229,NA,0,2019-11-01
2019,12,5,SARDINA COMUN,10000,125.94000000000001,1,1,10000,10000,NA,0,2019-12-01
2019,12,8,ANCHOVETA,157064.7969890759,1103.98,2,2,149749,157711,0.0366225472699362,0,2019-12-01
2019,12,8,SARDINA COMUN,134900.62580447542,6072.280000000001,3,3,110000,157711,0.18367733867159267,0,2019-12-01
2019,12,14,ANCHOVETA,149748,849.16,1,1,149748,149748,NA,0,2019-12-01
2019,12,14,SARDINA COMUN,149748,8996.869999999997,1,1,149748,149748,NA,0,2019-12-01
2020,1,8,JUREL,243687.17528821412,20535.95,2,2,240000,255715,0.04483295065247811,0,2020-01-01
2020,2,5,JUREL,120000,135.234,1,1,120000,120000,NA,0,2020-02-01
2020,2,8,JUREL,202004,3749.918000000001,1,1,202004,202004,NA,0,2020-02-01
2020,2,14,ANCHOVETA,124176,1714.996,1,1,124176,124176,NA,0,2020-02-01
2020,2,14,JUREL,200000,1084.462,1,1,200000,200000,NA,0,2020-02-01
2020,2,14,SARDINA COMUN,124176,5300.462,1,1,124176,124176,NA,0,2020-02-01
2020,3,5,JUREL,120000,114.84899999999999,1,1,120000,120000,NA,0,2020-03-01
2020,3,8,ANCHOVETA,135960,549.851,2,2,135960,135960,0,0,2020-03-01
2020,3,8,JUREL,135960,2850.8489999999997,1,1,135960,135960,NA,0,2020-03-01
2020,3,8,SARDINA COMUN,134757.62022498925,7436.266000000001,3,3,130000,135960,0.025684272524657912,0,2020-03-01
2020,3,14,ANCHOVETA,134485,1136.6090000000002,1,1,134485,134485,NA,0,2020-03-01
2020,3,14,SARDINA COMUN,134485,8744.298999999999,1,1,134485,134485,NA,0,2020-03-01
2020,4,5,ANCHOVETA,100000,276.763,1,1,100000,100000,NA,0,2020-04-01
2020,4,5,JUREL,120000,210.989,1,1,120000,120000,NA,0,2020-04-01
2020,4,5,SARDINA COMUN,100000,373.377,1,1,100000,100000,NA,0,2020-04-01
2020,4,8,ANCHOVETA,162317,5394.833999999998,2,2,162317,162317,0,0,2020-04-01
2020,4,8,JUREL,185716.61740079743,11453.635999999999,2,2,162317,240000,0.2730691274935664,0,2020-04-01
2020,4,8,SARDINA COMUN,148203.9664889626,31578.342,3,3,130000,162317,0.12312032524668945,0,2020-04-01
2020,4,14,ANCHOVETA,145413,562.103,1,1,145413,145413,NA,0,2020-04-01
2020,4,14,SARDINA COMUN,145413,9346.481999999998,1,1,145413,145413,NA,0,2020-04-01
2020,5,8,ANCHOVETA,180163,2146.339,2,2,180163,180163,0,0,2020-05-01
2020,5,8,JUREL,180163,2794.6610000000005,1,1,180163,180163,NA,0,2020-05-01
2020,5,8,SARDINA COMUN,159492.3792273485,10762.833999999999,3,3,130000,180163,0.17719815930641572,0,2020-05-01
2020,5,14,ANCHOVETA,149787,1140.022,1,1,149787,149787,NA,0,2020-05-01
2020,5,14,SARDINA COMUN,149787,5534.731,1,1,149787,149787,NA,0,2020-05-01
2020,6,8,ANCHOVETA,172458,928.686,1,1,172458,172458,NA,0,2020-06-01
2020,6,8,JUREL,172458,2337.03,1,1,172458,172458,NA,0,2020-06-01
2020,6,8,SARDINA COMUN,152966.95127393576,1983.538,2,2,130000,172458,0.1985223714738472,0,2020-06-01
2020,6,14,ANCHOVETA,146279,585.258,1,1,146279,146279,NA,0,2020-06-01
2020,6,14,SARDINA COMUN,146279,2626.986,1,1,146279,146279,NA,0,2020-06-01
2020,7,8,ANCHOVETA,174124,852.523,1,1,174124,174124,NA,0,2020-07-01
2020,7,8,SARDINA COMUN,170707.4114135837,834.97,2,2,130000,174124,0.2051819627064962,0,2020-07-01
2020,11,8,ANCHOVETA,191823,3814.9709999999995,1,1,191823,191823,NA,0,2020-11-01
2020,11,8,SARDINA COMUN,156229.01400003047,4136.991,2,2,130000,191823,0.2716739483088277,0,2020-11-01
2020,12,8,ANCHOVETA,263052,243.29,1,1,263052,263052,NA,0,2020-12-01
2020,12,8,SARDINA COMUN,169864.22820103326,2773.87,2,2,130000,263052,0.478725315990925,1,2020-12-01
2021,1,8,JUREL,240000,13459.005,1,1,240000,240000,NA,0,2021-01-01
2021,3,8,ANCHOVETA,150719.2315607189,11630.185000000003,2,2,143975,173021,0.12958285635367298,0,2021-03-01
2021,3,8,SARDINA COMUN,144425.82069892983,44265.95999999999,3,3,130000,173021,0.14729030838834534,0,2021-03-01
2021,4,8,ANCHOVETA,170640.079964694,3680.9619999999995,2,2,163174,173021,0.04142167774264301,0,2021-04-01
2021,4,8,SARDINA COMUN,147596.76470616524,17259.547000000002,3,3,130000,173021,0.1450459946101147,0,2021-04-01
2021,5,8,ANCHOVETA,168692.22417211713,4515.343000000001,2,2,163174,189262,0.10468284572288104,0,2021-05-01
2021,5,8,SARDINA COMUN,151221.00129293575,2971.5319999999992,3,3,130000,189262,0.18469717799190657,0,2021-05-01
2021,6,8,ANCHOVETA,189262,935.9459999999998,1,1,189262,189262,NA,0,2021-06-01
2021,6,8,SARDINA COMUN,176852.7157586326,394.55199999999996,2,2,130000,189262,0.26250892412299104,0,2021-06-01
2021,11,8,SARDINA COMUN,129999.99999999999,429.83299999999997,1,1,130000,130000,NA,0,2021-11-01
2022,3,8,ANCHOVETA,140000,12078.883,1,1,140000,140000,NA,0,2022-03-01
2022,4,8,ANCHOVETA,140000,7875.876,1,1,140000,140000,NA,0,2022-04-01
2022,5,8,ANCHOVETA,140000,1717.598,1,1,140000,140000,NA,0,2022-05-01
2022,6,8,ANCHOVETA,140000,582.977,1,1,140000,140000,NA,0,2022-06-01
2022,11,8,ANCHOVETA,140000,2157.399,1,1,140000,140000,NA,0,2022-11-01
2022,11,8,JUREL,245000,460.799,1,1,245000,245000,NA,0,2022-11-01
2022,11,8,SARDINA COMUN,140000,852.051,1,1,140000,140000,NA,0,2022-11-01
2022,12,8,ANCHOVETA,140000,22.916,1,1,140000,140000,NA,0,2022-12-01
2022,12,8,JUREL,245000,1804.84,1,1,245000,245000,NA,0,2022-12-01
2022,12,8,SARDINA COMUN,140000,121.379,1,1,140000,140000,NA,0,2022-12-01
2023,1,8,JUREL,290000,12740.93,1,1,290000,290000,NA,0,2023-01-01
2023,2,8,JUREL,290000,21805.724,1,1,290000,290000,NA,0,2023-02-01
2023,3,8,ANCHOVETA,160000,5684.968,1,1,160000,160000,NA,0,2023-03-01
2023,3,8,JUREL,290000,1290.983,1,1,290000,290000,NA,0,2023-03-01
2023,3,8,SARDINA COMUN,160000,23587.057,1,1,160000,160000,NA,0,2023-03-01
2023,4,8,ANCHOVETA,160000,8346.734,1,1,160000,160000,NA,0,2023-04-01
2023,4,8,JUREL,290000,5806.167,1,1,290000,290000,NA,0,2023-04-01
2023,4,8,SARDINA COMUN,160000,8931.275,1,1,160000,160000,NA,0,2023-04-01
2023,5,8,ANCHOVETA,160000,4273.753,1,1,160000,160000,NA,0,2023-05-01
2023,5,8,JUREL,290000,15996.909,1,1,290000,290000,NA,0,2023-05-01
2023,5,8,SARDINA COMUN,160000,3444.954,1,1,160000,160000,NA,0,2023-05-01
2023,6,8,ANCHOVETA,160000,2334.221,1,1,160000,160000,NA,0,2023-06-01
2023,6,8,JUREL,290000,4613.623,1,1,290000,290000,NA,0,2023-06-01
2023,6,8,SARDINA COMUN,160000,525.281,1,1,160000,160000,NA,0,2023-06-01
2023,11,8,ANCHOVETA,160000,2089.618,1,1,160000,160000,NA,0,2023-11-01
2023,11,8,JUREL,290000,3132.814,1,1,290000,290000,NA,0,2023-11-01
2023,12,8,ANCHOVETA,160000,312.398,1,1,160000,160000,NA,0,2023-12-01
2024,1,8,JUREL,300000,20710.696,1,1,300000,300000,NA,0,2024-01-01
2024,3,8,ANCHOVETA,190000,2137.582,1,1,190000,190000,NA,0,2024-03-01
2024,3,8,JUREL,300000,9308.235,1,1,300000,300000,NA,0,2024-03-01
2024,3,8,SARDINA COMUN,190000,3112.291,1,1,190000,190000,NA,0,2024-03-01
2024,4,8,ANCHOVETA,190000,1276.102,1,1,190000,190000,NA,0,2024-04-01
2024,4,8,JUREL,300000,19174.806,1,1,300000,300000,NA,0,2024-04-01
2024,4,8,SARDINA COMUN,190000,498.119,1,1,190000,190000,NA,0,2024-04-01
2024,5,8,ANCHOVETA,190000,3197.828,1,1,190000,190000,NA,0,2024-05-01
2024,5,8,JUREL,300000,9106.494,1,1,300000,300000,NA,0,2024-05-01
2024,5,8,SARDINA COMUN,190000,262.32,1,1,190000,190000,NA,0,2024-05-01
2024,6,8,ANCHOVETA,190000,47.861,1,1,190000,190000,NA,0,2024-06-01
2024,6,8,SARDINA COMUN,190000,2.792,1,1,190000,190000,NA,0,2024-06-01
